{
  "task": "classification",
  "params": {
    "objective": "binary:logistic",
    "eval_metric": "logloss",
    "n_estimators": 624,
    "max_depth": 6,
    "learning_rate": 0.031515949588194155,
    "subsample": 0.7247387245399688,
    "colsample_bytree": 0.905465709247391,
    "min_child_weight": 1,
    "gamma": 0.2165407270070436,
    "reg_alpha": 0.24430237366969165,
    "reg_lambda": 0.8789854444724472,
    "scale_pos_weight": 1.0225710552725757,
    "random_state": 42,
    "n_jobs": -1,
    "early_stopping_rounds": 50
  },
  "feature_names": [
    "returns",
    "trend_10",
    "cum_returns_2",
    "price_position_5",
    "close_zscore_10",
    "macd_histogram_change",
    "hour",
    "hour_sin",
    "close_zscore_5",
    "cum_returns_3",
    "momentum_10",
    "returns_skew_20",
    "hour_cos",
    "body_pct",
    "roc_10",
    "rsi_divergence",
    "cum_returns_10",
    "trend_5",
    "stoch_d_14",
    "returns_skew_10",
    "close_open_ratio",
    "higher_high",
    "gap",
    "roc_5",
    "returns_lag_5",
    "returns_lag_3",
    "returns_skew_50",
    "body_pct_lag_1",
    "body_pct_lag_2",
    "lower_low_streak",
    "cum_returns_5",
    "close_std_5",
    "consecutive_bullish",
    "price_position_50",
    "close_zscore_20",
    "is_london",
    "higher_high_streak",
    "returns_lag_2",
    "range_pct_lag_2",
    "stoch_k_21",
    "range",
    "macd_histogram",
    "returns_lag_10",
    "returns_kurt_10",
    "returns_std_20",
    "returns_std_10",
    "close_min_10",
    "range_pct_lag_1",
    "atr_7",
    "close_ma_10"
  ],
  "best_iteration": 618,
  "feature_importance": {
    "returns": 0.05862145870923996,
    "trend_10": 0.0548522062599659,
    "cum_returns_2": 0.020906910300254822,
    "price_position_5": 0.018666129559278488,
    "close_zscore_10": 0.020704952999949455,
    "macd_histogram_change": 0.026519663631916046,
    "hour": 0.03718998283147812,
    "hour_sin": 0.025587737560272217,
    "close_zscore_5": 0.0160830020904541,
    "cum_returns_3": 0.009950903244316578,
    "momentum_10": 0.014385421760380268,
    "returns_skew_20": 0.009187499061226845,
    "hour_cos": 0.02472377009689808,
    "body_pct": 0.010699762031435966,
    "roc_10": 0.014158377423882484,
    "rsi_divergence": 0.008276112377643585,
    "cum_returns_10": 0.01895778812468052,
    "trend_5": 0.010521616786718369,
    "stoch_d_14": 0.012663927860558033,
    "returns_skew_10": 0.015009147115051746,
    "close_open_ratio": 0.013760077767074108,
    "higher_high": 0.24953114986419678,
    "gap": 0.01159614510834217,
    "roc_5": 0.009682966396212578,
    "returns_lag_5": 0.008358008228242397,
    "returns_lag_3": 0.00856510829180479,
    "returns_skew_50": 0.008325730450451374,
    "body_pct_lag_1": 0.00854585226625204,
    "body_pct_lag_2": 0.008060070686042309,
    "lower_low_streak": 0.03188564255833626,
    "cum_returns_5": 0.011080010794103146,
    "close_std_5": 0.010477546602487564,
    "consecutive_bullish": 0.009364668279886246,
    "price_position_50": 0.008486303500831127,
    "close_zscore_20": 0.012854689732193947,
    "is_london": 0.015173209831118584,
    "higher_high_streak": 0.022252555936574936,
    "returns_lag_2": 0.008145438507199287,
    "range_pct_lag_2": 0.0104275057092309,
    "stoch_k_21": 0.008488532155752182,
    "range": 0.011033512651920319,
    "macd_histogram": 0.008482313714921474,
    "returns_lag_10": 0.008467175997793674,
    "returns_kurt_10": 0.01198207214474678,
    "returns_std_20": 0.008633827790617943,
    "returns_std_10": 0.010413714684545994,
    "close_min_10": 0.008727231994271278,
    "range_pct_lag_1": 0.010608251206576824,
    "atr_7": 0.0091085871681571,
    "close_ma_10": 0.009815740399062634
  }
}