{
  "task": "classification",
  "params": {
    "objective": "multi:softprob",
    "eval_metric": "mlogloss",
    "n_estimators": 500,
    "max_depth": 6,
    "learning_rate": 0.05,
    "subsample": 0.8,
    "colsample_bytree": 0.8,
    "min_child_weight": 3,
    "gamma": 0.1,
    "reg_alpha": 0.1,
    "reg_lambda": 1.0,
    "scale_pos_weight": 1,
    "random_state": 42,
    "n_jobs": -1,
    "early_stopping_rounds": 50,
    "num_class": 3
  },
  "feature_names": [
    "hour",
    "trend_10",
    "hour_sin",
    "close_std_5",
    "range_pct",
    "range_pct_lag_1",
    "cum_returns_5",
    "close_std_10",
    "high_low_ratio",
    "atr_pct_7",
    "returns",
    "range_pct_lag_2",
    "range_pct_lag_3",
    "trend_5",
    "roc_5",
    "hour_cos",
    "returns_skew_20",
    "returns_lag_5",
    "roc_10",
    "range",
    "returns_skew_10",
    "returns_kurt_20",
    "returns_std_10",
    "cum_returns_10",
    "stoch_d_14",
    "range_pct_lag_5",
    "cum_returns_2",
    "returns_lag_2",
    "volume_ma_50",
    "close_open_ratio",
    "lower_low_streak",
    "returns_lag_3",
    "close_max_50",
    "bb_width_20",
    "macd_histogram",
    "returns_kurt_10",
    "close_min_50",
    "atr_21",
    "day_of_week",
    "hist_vol_10",
    "vol_ratio",
    "rsi_divergence",
    "returns_skew_5",
    "close_std_20",
    "close_zscore_10",
    "higher_high_streak",
    "stoch_d_21",
    "returns_kurt_5",
    "volume_ma_20",
    "close_zscore_5"
  ],
  "best_iteration": 332,
  "feature_importance": {
    "hour": 0.058618199080228806,
    "trend_10": 0.09587626904249191,
    "hour_sin": 0.08310513198375702,
    "close_std_5": 0.027709728106856346,
    "range_pct": 0.07606816291809082,
    "range_pct_lag_1": 0.0479876734316349,
    "cum_returns_5": 0.014795827679336071,
    "close_std_10": 0.010198038071393967,
    "high_low_ratio": 0.10168304294347763,
    "atr_pct_7": 0.031139153987169266,
    "returns": 0.017267661169171333,
    "range_pct_lag_2": 0.020976679399609566,
    "range_pct_lag_3": 0.013604111038148403,
    "trend_5": 0.023592935875058174,
    "roc_5": 0.025648076087236404,
    "hour_cos": 0.029297668486833572,
    "returns_skew_20": 0.006003284361213446,
    "returns_lag_5": 0.007290835492312908,
    "roc_10": 0.020833248272538185,
    "range": 0.01153555791825056,
    "returns_skew_10": 0.01258416660130024,
    "returns_kurt_20": 0.00706123560667038,
    "returns_std_10": 0.015826089307665825,
    "cum_returns_10": 0.020670896396040916,
    "stoch_d_14": 0.008737906813621521,
    "range_pct_lag_5": 0.007085980381816626,
    "cum_returns_2": 0.00817472767084837,
    "returns_lag_2": 0.0055865817703306675,
    "volume_ma_50": 0.0060905274003744125,
    "close_open_ratio": 0.00648512551560998,
    "lower_low_streak": 0.02046065777540207,
    "returns_lag_3": 0.005150421056896448,
    "close_max_50": 0.008176158182322979,
    "bb_width_20": 0.008609436452388763,
    "macd_histogram": 0.006904324050992727,
    "returns_kurt_10": 0.009828002192080021,
    "close_min_50": 0.008850748650729656,
    "atr_21": 0.006279787514358759,
    "day_of_week": 0.006602254696190357,
    "hist_vol_10": 0.019253775477409363,
    "vol_ratio": 0.006545699667185545,
    "rsi_divergence": 0.005314964335411787,
    "returns_skew_5": 0.005901806056499481,
    "close_std_20": 0.006803212221711874,
    "close_zscore_10": 0.010020761750638485,
    "higher_high_streak": 0.016406942158937454,
    "stoch_d_21": 0.0056608738377690315,
    "returns_kurt_5": 0.006498061120510101,
    "volume_ma_20": 0.005913051310926676,
    "close_zscore_5": 0.009284570813179016
  }
}