{
  "task": "classification",
  "params": {
    "objective": "binary:logistic",
    "eval_metric": "logloss",
    "n_estimators": 500,
    "max_depth": 6,
    "learning_rate": 0.05,
    "subsample": 0.8,
    "colsample_bytree": 0.8,
    "min_child_weight": 3,
    "gamma": 0.1,
    "reg_alpha": 0.1,
    "reg_lambda": 1.0,
    "scale_pos_weight": 1,
    "random_state": 42,
    "n_jobs": -1,
    "use_label_encoder": false
  },
  "feature_names": [
    "close",
    "ema_9",
    "ema_21",
    "ema_50",
    "ema_100",
    "ema_200",
    "sma_20",
    "sma_50",
    "sma_200",
    "macd",
    "macd_signal",
    "macd_histogram",
    "macd_cross_up",
    "macd_cross_down",
    "plus_di",
    "minus_di",
    "adx",
    "rsi_7",
    "rsi_14",
    "rsi_21",
    "stoch_k",
    "stoch_d",
    "cci",
    "momentum",
    "momentum_pct",
    "roc",
    "atr",
    "atr_pct",
    "bb_middle",
    "bb_upper",
    "bb_lower",
    "bb_width",
    "bb_pct",
    "keltner_middle",
    "keltner_upper",
    "keltner_lower",
    "obv",
    "obv_ema",
    "mfi",
    "pivot",
    "r1",
    "s1",
    "r2",
    "s2",
    "donchian_high",
    "donchian_low",
    "donchian_mid",
    "returns",
    "log_returns",
    "body",
    "body_pct",
    "upper_shadow",
    "lower_shadow",
    "range",
    "is_bullish",
    "gap",
    "gap_pct",
    "price_position_5",
    "trend_5",
    "higher_highs_5",
    "price_position_10",
    "trend_10",
    "higher_highs_10",
    "price_position_20",
    "trend_20",
    "higher_highs_20"
  ],
  "best_iteration": null,
  "feature_importance": {
    "close": 0.01552667748183012,
    "ema_9": 0.013530230149626732,
    "ema_21": 0.01636452041566372,
    "ema_50": 0.013710325583815575,
    "ema_100": 0.016516827046871185,
    "ema_200": 0.01577325537800789,
    "sma_20": 0.015188850462436676,
    "sma_50": 0.016805971041321754,
    "sma_200": 0.014032444916665554,
    "macd": 0.014801199547946453,
    "macd_signal": 0.015658851712942123,
    "macd_histogram": 0.014715498313307762,
    "macd_cross_up": 0.013949333690106869,
    "macd_cross_down": 0.013358774594962597,
    "plus_di": 0.015261726453900337,
    "minus_di": 0.016374673694372177,
    "adx": 0.015492318198084831,
    "rsi_7": 0.015449367463588715,
    "rsi_14": 0.016653072088956833,
    "rsi_21": 0.016151171177625656,
    "stoch_k": 0.01550445519387722,
    "stoch_d": 0.01633630506694317,
    "cci": 0.01646919921040535,
    "momentum": 0.016033053398132324,
    "momentum_pct": 0.016305740922689438,
    "roc": 0.015057490207254887,
    "atr": 0.015015765093266964,
    "atr_pct": 0.01512148231267929,
    "bb_middle": 0.015428769402205944,
    "bb_upper": 0.015456857159733772,
    "bb_lower": 0.015930814668536186,
    "bb_width": 0.01500500924885273,
    "bb_pct": 0.015127166174352169,
    "keltner_middle": 0.012968526221811771,
    "keltner_upper": 0.015196415595710278,
    "keltner_lower": 0.016592679545283318,
    "obv": 0.015874333679676056,
    "obv_ema": 0.015700286254286766,
    "mfi": 0.015409288927912712,
    "pivot": 0.016037791967391968,
    "r1": 0.015848249197006226,
    "s1": 0.015326340682804585,
    "r2": 0.016225315630435944,
    "s2": 0.015888044610619545,
    "donchian_high": 0.018383996561169624,
    "donchian_low": 0.016581814736127853,
    "donchian_mid": 0.01391936931759119,
    "returns": 0.014870517887175083,
    "log_returns": 0.016565099358558655,
    "body": 0.015405859798192978,
    "body_pct": 0.01605912484228611,
    "upper_shadow": 0.015255297534167767,
    "lower_shadow": 0.014896565116941929,
    "range": 0.013702603988349438,
    "is_bullish": 0.0,
    "gap": 0.012721630744636059,
    "gap_pct": 0.01572703756392002,
    "price_position_5": 0.014531824737787247,
    "trend_5": 0.013934244401752949,
    "higher_highs_5": 0.014268718659877777,
    "price_position_10": 0.01599980518221855,
    "trend_10": 0.016046375036239624,
    "higher_highs_10": 0.01498917955905199,
    "price_position_20": 0.016774501651525497,
    "trend_20": 0.015770556405186653,
    "higher_highs_20": 0.01442140806466341
  }
}