{
  "task": "classification",
  "params": {
    "objective": "binary:logistic",
    "eval_metric": "logloss",
    "n_estimators": 500,
    "max_depth": 5,
    "learning_rate": 0.03,
    "subsample": 0.8,
    "colsample_bytree": 0.7,
    "min_child_weight": 10,
    "gamma": 0.4,
    "reg_alpha": 0.5,
    "reg_lambda": 1.0,
    "scale_pos_weight": 1,
    "random_state": 42,
    "n_jobs": -1,
    "early_stopping_rounds": 50
  },
  "feature_names": [
    "close_min_50",
    "close_max_20",
    "close_ma_50",
    "volume_ma_10",
    "close_max_10",
    "close_zscore_50",
    "month_sin",
    "returns_kurt_10",
    "bb_upper_20",
    "returns_kurt_20",
    "close_max_5",
    "returns_std_50",
    "volume_lag_20",
    "keltner_upper",
    "hist_vol_50",
    "returns_skew_50",
    "close_min_5",
    "volume_ma_20",
    "returns_std_5",
    "returns_kurt_50",
    "returns_skew_20",
    "close_std_50",
    "lower_low_streak",
    "keltner_width",
    "close_std_20",
    "atr_14",
    "month_cos",
    "rsi_14",
    "price_position_20",
    "vol_ratio",
    "close_min_20",
    "macd",
    "rsi_21",
    "trend_50",
    "price_position_10",
    "volume_ma_50",
    "trend_20",
    "rsi_divergence",
    "month",
    "close_min_10",
    "atr_21",
    "stoch_k_21",
    "volume_ma_5",
    "price_position_50",
    "returns_std_20",
    "stoch_d_21",
    "close_zscore_20",
    "momentum_20",
    "close_std_10",
    "hist_vol_20"
  ],
  "best_iteration": 25,
  "feature_importance": {
    "close_min_50": 0.021782314404845238,
    "close_max_20": 0.026059890165925026,
    "close_ma_50": 0.02456229366362095,
    "volume_ma_10": 0.02140648476779461,
    "close_max_10": 0.02267427183687687,
    "close_zscore_50": 0.018690546974539757,
    "month_sin": 0.023373732343316078,
    "returns_kurt_10": 0.01738053932785988,
    "bb_upper_20": 0.0223829485476017,
    "returns_kurt_20": 0.023227600380778313,
    "close_max_5": 0.02522646263241768,
    "returns_std_50": 0.021840116009116173,
    "volume_lag_20": 0.01907707378268242,
    "keltner_upper": 0.02266291342675686,
    "hist_vol_50": 0.02570209465920925,
    "returns_skew_50": 0.022765129804611206,
    "close_min_5": 0.018197789788246155,
    "volume_ma_20": 0.018544429913163185,
    "returns_std_5": 0.014711756259202957,
    "returns_kurt_50": 0.018206903710961342,
    "returns_skew_20": 0.018861519172787666,
    "close_std_50": 0.02056710049510002,
    "lower_low_streak": 0.0194130577147007,
    "keltner_width": 0.025198528543114662,
    "close_std_20": 0.019766777753829956,
    "atr_14": 0.022918399423360825,
    "month_cos": 0.018438953906297684,
    "rsi_14": 0.01663862355053425,
    "price_position_20": 0.01586134545505047,
    "vol_ratio": 0.016240974888205528,
    "close_min_20": 0.025710398331284523,
    "macd": 0.017130300402641296,
    "rsi_21": 0.02389707788825035,
    "trend_50": 0.018040867522358894,
    "price_position_10": 0.017596732825040817,
    "volume_ma_50": 0.01584072969853878,
    "trend_20": 0.01688408851623535,
    "rsi_divergence": 0.01279313676059246,
    "month": 0.01993034966289997,
    "close_min_10": 0.024918271228671074,
    "atr_21": 0.02096172608435154,
    "stoch_k_21": 0.013417728245258331,
    "volume_ma_5": 0.018726112321019173,
    "price_position_50": 0.021711334586143494,
    "returns_std_20": 0.02257867529988289,
    "stoch_d_21": 0.013738769106566906,
    "close_zscore_20": 0.01705700345337391,
    "momentum_20": 0.017427431419491768,
    "close_std_10": 0.015392836183309555,
    "hist_vol_20": 0.023865900933742523
  }
}