{
  "task": "classification",
  "params": {
    "objective": "binary:logistic",
    "eval_metric": "logloss",
    "n_estimators": 500,
    "max_depth": 6,
    "learning_rate": 0.05,
    "subsample": 0.8,
    "colsample_bytree": 0.8,
    "min_child_weight": 3,
    "gamma": 0.1,
    "reg_alpha": 0.1,
    "reg_lambda": 1.0,
    "scale_pos_weight": 2.238947176905816,
    "random_state": 42,
    "n_jobs": -1,
    "early_stopping_rounds": 50
  },
  "feature_names": [
    "hour",
    "trend_10",
    "hour_sin",
    "cum_returns_5",
    "trend_5",
    "range_pct_lag_1",
    "returns",
    "range_pct_lag_2",
    "range_pct",
    "atr_pct_7",
    "close_std_5",
    "range_pct_lag_3",
    "returns_kurt_20",
    "range",
    "roc_10",
    "bb_lower_20",
    "returns_lag_5",
    "bb_width_20",
    "cum_returns_2",
    "returns_skew_10",
    "returns_lag_2",
    "roc_5",
    "high_low_ratio",
    "day_of_week",
    "macd_histogram",
    "hour_cos",
    "close_std_10",
    "stoch_d_14",
    "returns_lag_3",
    "lower_low_streak",
    "close_open_ratio",
    "volume_ma_50",
    "returns_skew_20",
    "cum_returns_10",
    "returns_skew_5",
    "close_ma_50",
    "range_pct_lag_5",
    "returns_std_5",
    "price_position_50",
    "body_pct_lag_1",
    "bb_upper_20",
    "close_max_50",
    "returns_std_10",
    "returns_kurt_10",
    "close_std_50",
    "returns_skew_50",
    "close_zscore_10",
    "price_position_5",
    "higher_high",
    "is_newyork"
  ],
  "best_iteration": 491,
  "feature_importance": {
    "hour": 0.04718431830406189,
    "trend_10": 0.09678978472948074,
    "hour_sin": 0.12854789197444916,
    "cum_returns_5": 0.020463386550545692,
    "trend_5": 0.04503904655575752,
    "range_pct_lag_1": 0.02052612602710724,
    "returns": 0.02076529525220394,
    "range_pct_lag_2": 0.012833034619688988,
    "range_pct": 0.031660500913858414,
    "atr_pct_7": 0.03183307498693466,
    "close_std_5": 0.012387678027153015,
    "range_pct_lag_3": 0.01224674005061388,
    "returns_kurt_20": 0.009834390133619308,
    "range": 0.020360378548502922,
    "roc_10": 0.01871134527027607,
    "bb_lower_20": 0.00889836996793747,
    "returns_lag_5": 0.008755064569413662,
    "bb_width_20": 0.010149447247385979,
    "cum_returns_2": 0.010747465305030346,
    "returns_skew_10": 0.014139332808554173,
    "returns_lag_2": 0.008461144752800465,
    "roc_5": 0.02396792732179165,
    "high_low_ratio": 0.047098372131586075,
    "day_of_week": 0.008344648405909538,
    "macd_histogram": 0.009714536368846893,
    "hour_cos": 0.02565734274685383,
    "close_std_10": 0.009621731005609035,
    "stoch_d_14": 0.0131695456802845,
    "returns_lag_3": 0.007482900749891996,
    "lower_low_streak": 0.013005034066736698,
    "close_open_ratio": 0.008651665411889553,
    "volume_ma_50": 0.008136418648064137,
    "returns_skew_20": 0.007710863836109638,
    "cum_returns_10": 0.039260417222976685,
    "returns_skew_5": 0.008005944080650806,
    "close_ma_50": 0.009828084148466587,
    "range_pct_lag_5": 0.008674394339323044,
    "returns_std_5": 0.010809057392179966,
    "price_position_50": 0.0072927470318973064,
    "body_pct_lag_1": 0.006336028687655926,
    "bb_upper_20": 0.009177403524518013,
    "close_max_50": 0.008989984169602394,
    "returns_std_10": 0.013471405953168869,
    "returns_kurt_10": 0.011431597173213959,
    "close_std_50": 0.007543601095676422,
    "returns_skew_50": 0.007429960183799267,
    "close_zscore_10": 0.012888198718428612,
    "price_position_5": 0.013530637137591839,
    "higher_high": 0.019468164071440697,
    "is_newyork": 0.032967548817396164
  }
}