{
  "task": "classification",
  "params": {
    "objective": "binary:logistic",
    "eval_metric": "logloss",
    "n_estimators": 300,
    "max_depth": 6,
    "learning_rate": 0.05,
    "subsample": 0.8,
    "colsample_bytree": 0.8,
    "min_child_weight": 3,
    "gamma": 0.1,
    "reg_alpha": 0.1,
    "reg_lambda": 1.0,
    "scale_pos_weight": 1,
    "random_state": 42,
    "n_jobs": -1
  },
  "feature_names": null,
  "best_iteration": null,
  "feature_importance": {
    "feature_0": 0.07717311382293701,
    "feature_1": 0.06706661731004715,
    "feature_2": 0.03283347561955452,
    "feature_3": 0.043542906641960144,
    "feature_4": 0.03563178330659866,
    "feature_5": 0.018009472638368607,
    "feature_6": 0.030538635328412056,
    "feature_7": 0.013911143876612186,
    "feature_8": 0.024730833247303963,
    "feature_9": 0.02888518013060093,
    "feature_10": 0.07020172476768494,
    "feature_11": 0.012668865732848644,
    "feature_12": 0.015059464611113071,
    "feature_13": 0.015277338214218616,
    "feature_14": 0.013470015488564968,
    "feature_15": 0.03412815183401108,
    "feature_16": 0.010744765400886536,
    "feature_17": 0.02094489336013794,
    "feature_18": 0.020179670304059982,
    "feature_19": 0.01835855282843113,
    "feature_20": 0.010798495262861252,
    "feature_21": 0.012721138074994087,
    "feature_22": 0.012852282263338566,
    "feature_23": 0.016614411026239395,
    "feature_24": 0.029069002717733383,
    "feature_25": 0.012064611539244652,
    "feature_26": 0.010795338079333305,
    "feature_27": 0.012718526646494865,
    "feature_28": 0.03785690665245056,
    "feature_29": 0.015553483739495277,
    "feature_30": 0.01034935750067234,
    "feature_31": 0.010680296458303928,
    "feature_32": 0.011952308937907219,
    "feature_33": 0.010556017979979515,
    "feature_34": 0.01261979527771473,
    "feature_35": 0.010415570810437202,
    "feature_36": 0.02341616526246071,
    "feature_37": 0.009768571704626083,
    "feature_38": 0.009839355014264584,
    "feature_39": 0.010558324865996838,
    "feature_40": 0.009555980563163757,
    "feature_41": 0.009334417060017586,
    "feature_42": 0.011025367304682732,
    "feature_43": 0.0139243695884943,
    "feature_44": 0.010107254609465599,
    "feature_45": 0.008343718014657497,
    "feature_46": 0.011026643216609955,
    "feature_47": 0.01340913213789463,
    "feature_48": 0.009730799123644829,
    "feature_49": 0.008985791355371475
  }
}